Conv0 active,Conv0 num filters,Conv0 batch normalization,Conv0 activation,Conv0 dropout,Conv0 max pooling,Conv1 active,Conv1 num filters,Conv1 batch normalization,Conv1 activation,Conv1 dropout,Conv1 max pooling,Conv2 active,Conv2 num filters,Conv2 batch normalization,Conv2 activation,Conv2 dropout,Conv2 max pooling,Conv3 active,Conv3 num filters,Conv3 batch normalization,Conv3 activation,Conv3 dropout,Conv3 max pooling,Conv4 active,Conv4 num filters,Conv4 batch normalization,Conv4 activation,Conv4 dropout,Conv4 max pooling,Dense0 active,Dense0 num nodes,Dense0 batch normalization,Dense0 activation,Dense0 dropout,Dense1 active,Dense1 num nodes,Dense1 batch normalization,Dense1 activation,Dense1 dropout,Optimizer,Val Loss,Val Accuracy
1,32,0,0,9,0,0,32,1,0,4,2,1,16,1,0,1,2,0,32,1,0,2,2,1,32,0,0,0,2,0,16,1,0,7,1,1024,0,0,7,1,14.5055694977,0.1
1,64,1,0,10,2,1,8,1,0,5,0,1,8,0,0,8,0,0,8,0,0,2,2,0,16,0,0,9,2,1,1024,1,0,2,0,1024,0,0,5,1,0.991698837948,0.6559
1,32,1,0,0,1,0,8,0,0,2,0,0,32,1,0,1,2,0,64,0,0,4,1,1,8,1,0,8,1,0,64,0,0,5,1,512,1,0,3,1,1.40131149406,0.502
1,64,0,0,9,2,0,16,0,0,9,1,0,32,1,0,3,0,1,64,0,0,9,1,1,16,1,0,6,0,1,1024,1,0,2,1,32,1,0,0,2,1.69756442528,0.4593
1,64,1,0,0,0,0,64,0,0,6,0,1,16,1,0,10,0,0,64,0,0,0,1,0,64,0,0,7,1,0,512,0,0,4,0,1024,1,0,4,2,1.24060461845,0.5683
1,8,0,0,2,1,0,8,0,0,0,0,1,16,1,0,4,0,0,16,1,0,10,1,0,32,1,0,1,2,0,64,0,0,5,0,128,1,0,0,2,1.13310106449,0.5999
1,32,1,0,0,2,0,8,0,0,1,1,0,8,1,0,0,1,0,32,0,0,8,0,1,64,1,0,7,2,0,16,1,0,7,1,32,0,0,10,0,2.30264275513,0.1
1,8,1,0,1,2,0,8,1,0,2,0,0,64,1,0,3,2,1,64,0,0,8,2,0,32,0,0,8,1,0,128,0,0,2,1,256,0,0,3,2,14.5062856903,0.1
1,64,1,0,8,2,1,8,0,0,9,0,0,32,1,0,10,1,1,64,1,0,3,1,0,64,0,0,7,1,0,128,1,0,5,0,16,0,0,5,0,1.82057747765,0.3588
1,32,0,0,7,1,0,32,0,0,6,0,1,32,1,0,6,2,1,16,0,0,0,1,1,64,0,0,0,1,1,32,1,0,10,1,256,0,0,0,2,1.45370571003,0.493
1,16,1,0,8,2,1,32,1,0,6,1,1,64,1,0,6,0,1,16,0,0,7,2,0,16,0,0,4,0,1,64,1,0,6,1,32,1,0,1,0,1.06008082352,0.6328
1,8,0,0,7,0,0,32,0,0,8,2,0,8,1,0,2,0,1,16,1,0,3,0,0,64,1,0,1,0,1,16,0,0,0,1,128,1,0,5,0,1.21058620119,0.5695
1,16,0,0,0,2,1,8,0,0,9,1,1,64,0,0,6,1,0,16,1,0,7,2,1,64,1,0,3,2,1,128,1,0,6,0,32,1,0,10,1,2.76058527298,0.3623
1,16,1,0,3,1,0,16,1,0,4,1,0,16,0,0,4,2,0,32,1,0,7,2,0,32,0,0,3,1,1,32,0,0,4,1,1024,1,0,1,2,1.47542109146,0.485
1,64,0,0,8,0,1,16,0,0,4,2,0,16,1,0,10,1,1,16,0,0,3,1,1,16,0,0,9,0,1,32,0,0,4,0,32,1,0,8,2,1.25942410679,0.5609
1,16,0,0,1,0,1,8,0,0,7,0,1,32,1,0,5,0,1,32,1,0,7,1,1,8,0,0,7,1,1,256,1,0,8,0,512,0,0,8,3,3.46739418793,0.1446
1,64,1,0,10,2,0,32,0,0,9,0,1,8,0,0,2,0,0,64,0,0,10,2,1,64,0,0,7,0,1,32,1,0,3,1,128,0,0,7,1,1.11655016937,0.6222
1,64,0,0,8,1,0,32,1,0,3,0,0,16,0,0,0,0,1,16,0,0,0,2,1,64,1,0,8,1,0,512,1,0,5,1,128,0,0,3,1,2.45946625671,0.3655
1,32,0,0,1,1,1,16,1,0,2,1,0,32,0,0,3,0,0,16,0,0,7,0,1,32,1,0,0,0,1,32,1,0,5,0,32,0,0,1,3,1.32039260654,0.5465
1,16,1,0,8,0,0,32,1,0,5,0,0,32,0,0,10,0,0,64,0,0,9,0,1,16,1,0,5,1,1,16,0,0,2,1,256,1,0,0,1,1.51147183228,0.4668
1,32,0,0,1,1,1,16,0,0,9,0,0,32,1,0,10,1,1,64,1,0,3,1,0,64,0,0,7,1,0,128,1,0,5,0,16,0,0,5,0,1.19686029758,0.5752
1,32,0,0,7,1,0,32,0,0,6,0,1,32,1,0,6,2,1,16,0,0,0,1,1,64,0,0,0,1,1,32,0,0,2,1,256,1,0,4,1,1.22616149578,0.5872
1,8,0,0,2,1,0,8,0,0,0,0,1,16,1,0,4,0,0,16,1,0,10,1,1,64,0,0,7,0,1,32,1,0,3,1,128,0,0,1,1,1.03644650211,0.6399
1,32,0,0,1,1,1,16,1,0,2,1,0,32,0,0,6,1,0,16,1,0,7,2,1,64,1,0,3,2,1,128,1,0,6,0,32,1,0,10,1,1.43713186493,0.5603
1,8,0,0,7,0,0,32,0,0,8,2,0,8,1,0,2,0,1,16,1,0,3,0,0,64,1,0,8,1,0,64,0,0,5,1,512,1,0,3,1,1.15295634804,0.6056
1,64,1,0,10,2,0,32,0,0,9,0,1,8,0,0,1,0,0,64,0,0,10,2,1,64,0,0,4,0,1,32,1,0,3,1,128,0,0,0,2,0.96105316143,0.6661
1,32,0,0,1,1,1,32,1,0,6,1,1,64,1,0,6,0,1,16,0,0,7,2,0,16,0,0,4,0,1,64,1,0,6,1,32,1,0,1,0,1.12116677055,0.6018
1,16,1,0,8,2,1,32,1,0,6,1,1,64,1,0,6,0,1,16,0,0,7,2,0,16,0,0,4,0,1,64,1,0,6,1,32,1,0,4,0,1.16302939301,0.6014
1,32,1,0,0,1,0,8,0,0,2,0,0,32,1,0,1,2,0,64,1,0,7,2,1,64,1,0,3,2,1,128,1,0,6,0,32,1,0,10,1,1.26359612179,0.6222
1,64,1,0,8,2,1,8,0,0,5,0,0,32,0,0,10,0,0,64,0,0,9,0,1,16,1,0,5,1,1,16,0,0,2,1,256,1,0,0,1,1.29362478447,0.5517
1,16,1,0,8,2,1,32,1,0,6,1,1,64,1,0,6,0,1,16,0,0,7,2,0,16,0,0,4,0,1,64,1,0,6,1,32,1,0,1,0,0.946128382683,0.6704
1,8,0,0,7,0,0,32,0,0,8,2,0,8,1,0,2,0,1,16,1,0,8,0,0,64,1,0,1,0,1,16,0,0,0,1,128,1,0,5,0,1.18473554592,0.5722
1,8,0,0,2,1,0,8,0,0,0,0,1,16,1,0,4,0,0,16,1,0,10,1,0,32,1,0,1,0,1,64,1,0,6,1,32,1,0,1,0,1.09469470882,0.6118
1,8,0,0,7,0,0,32,0,0,6,1,1,64,1,0,6,0,1,16,0,0,7,2,0,16,0,0,4,0,1,64,1,0,6,1,1024,1,0,1,0,1.10096834011,0.6102
1,64,1,0,10,2,0,8,1,0,8,2,0,8,1,0,2,0,1,16,1,0,3,0,0,64,1,0,1,0,1,16,0,0,0,1,128,1,0,5,0,1.18658224106,0.5795
1,8,0,0,2,1,0,8,0,0,0,0,1,16,1,0,4,0,0,16,1,0,4,1,1,8,1,0,8,1,0,64,0,0,5,1,512,1,0,3,1,1.49967178612,0.5095
1,8,0,0,7,0,0,32,0,0,8,2,0,8,1,0,2,0,1,16,1,0,3,2,0,16,0,0,4,0,1,64,1,0,6,1,32,1,0,1,0,1.12360750961,0.6061
1,16,1,0,3,1,0,16,1,0,4,1,0,16,0,0,4,2,0,32,1,0,7,2,0,16,0,0,9,2,1,1024,1,0,2,0,1024,0,0,5,1,1.25781082916,0.6037
1,64,1,0,10,2,0,32,0,0,9,0,1,8,0,0,2,0,0,64,0,0,10,2,1,64,0,0,7,1,1,32,1,0,3,1,128,0,0,7,1,1.33289499416,0.5492
1,32,0,0,9,0,0,32,1,0,4,2,1,16,1,0,1,2,0,32,1,0,2,2,1,32,0,0,0,2,0,16,1,0,7,1,1024,0,0,7,1,14.5062856842,0.1
1,32,1,0,1,1,1,16,0,0,9,0,0,32,1,0,10,1,1,64,1,0,3,1,0,64,0,0,7,1,0,128,1,0,5,0,16,0,0,4,0,0.952137811279,0.6689
1,32,0,0,7,2,0,32,0,0,6,0,1,32,1,0,2,1,1,16,1,0,3,0,0,64,1,0,1,0,1,16,0,0,0,1,128,1,0,5,0,1.24400105515,0.556
1,16,1,0,3,1,0,16,1,0,4,1,0,16,0,0,4,2,0,32,1,0,7,2,0,16,0,0,9,2,1,1024,1,0,2,0,1024,0,0,5,1,1.47224386425,0.5405
1,8,0,0,2,1,0,8,0,0,0,0,1,16,1,0,4,0,0,16,1,0,7,2,1,64,1,0,3,2,1,128,1,0,6,0,32,1,0,10,1,1.48997282925,0.5457
1,16,1,0,8,2,1,32,1,0,6,1,1,64,1,0,6,0,1,16,1,0,3,0,0,64,1,0,1,0,1,16,0,0,0,1,128,0,0,5,0,1.23004442616,0.5535
1,32,0,0,7,1,0,32,0,0,6,0,1,32,1,0,6,2,1,16,0,0,7,2,0,16,0,0,4,0,1,256,1,0,6,1,32,1,0,1,0,1.41441082478,0.5246
1,64,1,0,10,2,0,32,0,0,9,2,0,8,1,0,2,0,1,16,1,0,3,0,0,64,1,0,1,0,1,16,0,0,0,1,128,1,0,5,0,1.3327693737,0.5377
1,8,0,0,7,0,0,32,0,0,8,2,0,8,1,0,2,0,1,16,1,0,8,0,0,64,1,0,1,0,1,64,1,0,6,1,1024,1,0,1,0,1.07714499989,0.6099
1,32,0,0,1,1,1,32,1,0,6,1,1,64,1,0,10,1,1,64,1,0,3,1,0,64,0,0,7,1,0,128,1,0,5,0,16,0,0,5,0,1.33846372757,0.5374
1,8,0,0,7,0,0,32,0,0,8,2,0,8,1,0,2,0,1,16,1,0,3,0,0,64,1,0,8,1,0,64,0,0,5,1,512,1,0,3,1,1.09452538376,0.6271
1,64,1,0,8,2,1,8,0,0,5,0,0,32,1,0,10,1,0,64,1,0,3,1,0,64,0,0,7,1,0,128,1,0,5,0,16,0,0,5,0,1.24450639744,0.5716
1,16,1,0,8,2,1,32,1,0,6,1,1,64,1,0,6,0,1,16,0,0,7,2,0,16,0,0,4,0,1,32,1,0,3,1,128,0,0,0,2,1.72046789093,0.4469
1,64,1,0,10,2,0,8,1,0,8,2,0,8,1,0,2,0,1,16,1,0,3,0,0,64,1,0,1,0,1,16,0,0,0,1,128,1,0,5,0,1.73562354698,0.4513
1,32,0,0,7,1,0,32,0,0,0,0,1,16,1,0,4,0,0,16,1,0,4,1,1,8,1,0,8,1,0,64,0,0,5,1,512,1,0,3,1,2.23329139938,0.302
1,64,1,0,10,2,0,8,1,0,8,2,0,8,1,0,2,0,1,16,0,0,0,1,1,64,0,0,0,1,1,32,0,0,2,1,256,1,0,4,1,1.27080852757,0.5948
1,64,1,0,10,2,0,32,0,0,9,0,1,8,0,0,1,0,1,16,1,0,8,0,0,64,1,0,1,0,1,16,0,0,0,1,128,1,0,5,0,1.29168127384,0.562
1,32,0,0,1,1,1,16,1,0,2,1,0,32,0,0,6,1,0,16,1,0,7,2,1,64,1,0,3,2,1,128,1,0,6,0,32,1,0,10,1,0.971503677464,0.6796
1,32,0,0,1,1,1,8,0,0,2,0,0,32,1,0,1,2,0,64,1,0,7,2,1,64,1,0,3,2,1,128,1,0,6,0,32,1,0,10,1,1.50368090534,0.5109
1,64,1,0,10,2,0,32,0,0,9,0,1,8,0,0,2,0,0,64,0,0,10,2,1,8,0,0,9,2,1,1024,1,0,8,0,1024,0,0,5,1,1.42027689228,0.5337
1,32,0,0,1,1,1,16,0,0,9,0,0,32,1,0,10,1,1,64,1,0,3,1,0,64,0,0,7,1,0,128,1,0,5,0,16,0,0,5,0,1.32674946728,0.5351
1,16,1,0,3,1,0,16,1,0,4,1,0,16,0,0,4,2,0,32,1,0,7,2,0,16,0,0,9,2,1,32,1,0,3,1,128,0,0,0,2,1.12253979645,0.603
1,32,0,0,7,0,0,32,0,0,8,2,0,8,1,0,2,0,1,16,1,0,3,0,0,64,1,0,8,1,0,64,0,0,5,1,512,1,0,3,1,1.25212103596,0.603
1,64,1,0,10,2,0,32,0,0,9,2,0,8,1,0,2,0,1,16,1,0,3,0,0,64,1,0,1,0,0,16,0,0,6,0,32,1,0,10,1,1.22817721157,0.5884
1,32,0,0,1,1,1,16,0,0,9,0,0,32,1,0,10,1,0,64,1,0,7,2,1,64,1,0,3,0,1,128,1,0,6,0,32,1,0,10,1,1.20355251141,0.636
1,16,1,0,3,1,0,8,1,0,8,2,0,8,1,0,2,0,1,16,0,0,0,1,1,64,0,0,0,1,1,32,0,0,2,1,256,1,0,4,1,1.08302266159,0.618
1,8,0,0,2,1,0,8,0,0,0,0,1,16,1,0,4,0,0,16,1,0,7,2,1,64,1,0,3,2,1,128,1,0,6,0,32,1,0,10,1,1.63603246269,0.5573
1,32,0,0,1,1,1,8,0,0,2,0,0,32,1,0,1,2,0,64,1,0,7,2,1,64,1,0,1,0,1,64,1,0,6,1,1024,1,0,1,0,1.0270556736,0.6315
1,64,0,0,7,0,0,32,0,0,8,2,0,8,1,0,2,0,1,16,1,0,8,0,0,64,1,0,1,0,1,64,0,0,6,1,1024,1,0,1,0,1.16292514038,0.5961
1,32,0,0,7,1,0,32,0,0,6,0,1,32,1,0,6,2,1,16,0,0,7,2,0,64,1,0,8,1,0,64,0,0,5,1,512,1,0,3,1,0.924801237202,0.6886
1,64,1,0,8,2,1,8,0,0,5,0,0,32,1,0,10,1,0,64,1,0,3,1,0,64,0,0,4,0,1,256,1,0,6,1,32,1,0,1,0,1.71832474785,0.4855
1,8,0,0,7,0,0,32,0,0,8,2,0,8,1,0,2,0,1,16,1,0,8,2,1,64,1,0,3,2,1,128,1,0,6,0,32,1,0,10,1,1.43742042351,0.5278
1,8,0,0,7,0,0,32,0,0,8,2,0,8,1,0,2,0,1,16,1,0,8,0,0,64,1,0,1,0,1,64,1,0,6,1,128,1,0,5,0,1.11494808683,0.6018
1,32,0,0,1,1,1,16,0,0,9,0,0,32,1,0,10,1,1,64,1,0,3,1,0,64,0,0,7,1,1,1024,1,0,2,0,1024,0,0,5,1,1.94507529182,0.3866
1,32,0,0,1,1,1,8,0,0,2,0,0,32,1,0,1,2,0,64,1,0,7,0,0,64,1,0,8,1,0,64,0,0,5,1,512,1,0,3,1,0.981925098896,0.6648
1,32,1,0,10,2,0,32,0,0,9,0,1,32,1,0,6,2,1,16,0,0,7,2,0,16,0,0,4,0,1,256,1,0,6,1,32,1,0,1,0,0.89076769371,0.681
1,64,1,0,10,2,0,32,0,0,9,2,0,8,1,0,2,0,1,16,1,0,3,0,0,64,1,0,1,0,1,16,0,0,0,1,128,1,0,5,0,1.41566516075,0.5422
1,32,0,0,1,1,1,8,0,0,2,0,0,32,1,0,1,2,0,64,1,0,7,2,1,64,0,0,3,2,1,128,1,0,6,1,128,1,0,5,0,0.989738827515,0.6524
1,32,1,0,1,1,1,16,0,0,9,0,0,32,1,0,10,1,1,64,1,0,3,1,0,64,0,0,7,1,0,128,1,0,5,0,16,0,0,4,0,1.74541104126,0.4341
1,64,1,0,0,2,0,32,0,0,9,0,1,8,0,0,2,0,0,64,0,0,10,2,1,8,0,0,4,0,0,32,1,0,3,1,128,0,0,0,2,1.12267910786,0.6042
1,32,1,0,1,1,1,16,0,0,9,0,0,32,1,0,10,1,1,64,1,0,3,1,0,64,0,0,7,1,0,128,1,0,5,0,16,0,0,4,0,1.00384862175,0.6606
1,64,1,0,10,2,0,32,0,0,9,2,0,8,1,0,2,0,1,16,1,0,3,0,0,64,1,0,8,1,0,64,0,0,5,1,512,1,0,3,1,1.47449409733,0.4626
1,8,0,0,1,1,1,8,0,0,2,0,0,32,1,0,1,2,0,64,1,0,7,0,0,64,1,0,8,1,0,64,0,0,5,1,512,1,0,3,1,1.19619314823,0.6181
1,32,0,0,1,1,1,16,0,0,9,0,0,32,1,0,10,1,1,64,1,0,3,1,0,64,0,0,7,1,0,128,1,0,5,0,16,0,0,4,0,1.2733867363,0.5538
1,32,0,0,7,1,0,32,0,0,6,0,1,32,1,0,6,2,1,16,0,0,3,1,0,64,0,0,4,0,1,256,1,0,6,1,32,1,0,1,0,1.36713059597,0.5356
1,32,0,0,1,1,1,8,0,0,2,0,0,32,1,0,1,1,0,64,1,0,7,2,1,64,1,0,3,0,1,128,1,0,6,0,32,1,0,10,1,1.09782731457,0.6329
1,32,1,0,10,2,0,32,0,0,9,0,1,32,1,0,6,2,1,16,1,0,3,0,0,64,1,0,1,0,0,16,0,0,6,0,32,1,0,10,1,1.42316903439,0.5469
1,16,1,0,3,1,0,16,0,0,9,0,0,32,1,0,10,1,1,64,1,0,3,1,0,64,0,0,7,1,0,128,1,0,5,0,16,0,0,4,0,1.2366330492,0.5668
1,64,1,0,0,2,0,32,0,0,9,0,1,8,0,0,2,0,0,64,0,0,10,2,1,8,0,0,4,0,0,32,1,0,5,0,16,0,0,4,0,1.11819947767,0.6049
1,32,0,0,1,1,1,16,0,0,9,0,0,32,1,0,10,0,1,16,1,0,3,0,0,64,1,0,8,1,0,64,0,0,5,1,512,1,0,3,1,0.952933732796,0.6718
1,16,1,0,3,1,0,16,1,0,4,1,0,16,0,0,4,2,1,16,0,0,7,2,0,16,0,0,4,0,1,256,1,0,6,1,128,1,0,1,0,0.925523573399,0.6751
1,8,0,0,7,0,0,32,0,0,8,2,0,8,1,0,2,0,1,16,1,0,8,0,0,64,1,0,1,0,1,64,1,0,6,0,128,1,0,5,0,1.20495376396,0.5781
1,64,0,0,7,0,0,32,0,0,8,2,0,8,1,0,2,0,1,16,1,0,8,0,0,64,1,0,1,0,1,64,0,0,6,1,1024,1,0,4,0,1.15083197708,0.5926
1,64,1,0,10,2,0,32,0,0,9,2,0,8,1,0,6,2,1,16,0,0,7,2,0,16,0,0,4,0,1,256,1,0,6,1,32,1,0,1,0,1.11828986988,0.6109
1,64,1,0,10,2,0,32,0,0,9,2,0,8,1,0,2,0,1,16,1,0,3,0,0,64,1,0,8,1,0,64,0,0,5,1,512,1,0,3,1,1.11131890688,0.616
1,8,0,0,7,0,0,32,0,0,8,2,0,8,1,0,2,0,1,16,1,0,8,0,0,64,1,0,1,0,1,64,1,0,6,1,256,1,0,4,1,1.18298281755,0.5768
1,32,0,0,1,1,1,8,0,0,2,0,0,32,1,0,1,2,0,64,1,0,7,2,0,64,1,0,8,1,0,64,0,0,5,1,512,0,0,3,1,1.04179684906,0.6411
1,64,1,0,10,2,0,32,0,0,9,2,0,8,1,0,2,0,1,16,1,0,3,0,0,64,1,0,1,0,0,16,0,0,0,1,128,1,0,5,0,0.960342332458,0.662
1,64,1,0,10,2,0,32,0,0,9,2,0,8,1,0,2,0,1,16,1,0,3,0,0,64,1,0,1,0,0,16,0,0,6,0,32,1,0,10,1,1.2229111639,0.5833
1,32,1,0,10,2,0,32,0,0,9,2,0,8,1,0,2,0,1,16,1,0,3,0,0,64,1,0,1,0,0,16,0,0,6,0,32,1,0,10,1,1.19975303841,0.582
1,16,1,0,3,1,0,16,1,0,4,1,0,16,0,0,4,2,0,32,1,0,7,2,0,16,0,0,9,2,1,32,1,0,3,1,128,0,0,0,2,1.29161749706,0.547
1,32,0,0,1,1,1,16,0,0,9,0,0,32,1,0,10,1,1,64,1,0,3,1,0,64,0,0,7,1,0,128,1,0,5,0,16,0,0,4,0,1.50523508015,0.4535
1,32,0,0,1,1,1,16,0,0,9,0,0,32,1,0,10,0,1,16,1,0,3,0,0,64,1,0,8,1,0,64,0,0,5,1,512,1,0,3,1,1.40886106262,0.5497
1,8,0,0,7,0,0,32,0,0,8,2,0,8,1,0,2,0,1,16,1,0,8,0,0,64,1,0,1,0,1,64,1,0,6,0,128,1,0,5,0,1.11550903625,0.606
1,64,0,0,7,0,0,32,0,0,8,2,0,8,1,0,2,0,1,16,1,0,8,0,0,64,1,0,8,1,0,64,0,0,5,1,512,1,0,3,1,1.08777887192,0.6203
1,64,1,0,10,2,0,8,0,0,2,0,0,32,1,0,1,2,0,64,1,0,7,2,0,64,1,0,8,1,0,64,0,0,5,1,512,0,0,3,1,14.5062856964,0.1
1,64,1,0,10,2,0,32,0,0,9,2,0,8,1,0,4,2,0,32,1,0,7,2,0,16,0,0,9,2,1,32,1,0,3,1,128,0,0,0,2,1.09930534515,0.6081
1,64,0,0,7,0,0,32,0,0,8,2,0,8,1,0,2,0,1,16,1,0,3,0,0,64,1,0,1,0,0,16,0,0,6,0,32,1,0,10,1,2.52282027435,0.3992
1,32,0,0,1,1,1,8,0,0,2,0,0,32,1,0,1,1,0,64,1,0,7,2,1,64,1,0,3,0,1,128,1,0,6,0,32,1,0,10,2,0.992106293583,0.6464
1,32,0,0,1,1,0,8,0,0,2,0,0,32,1,0,1,1,0,64,1,0,7,2,0,64,0,0,7,1,0,128,1,0,5,0,16,0,0,4,0,1.08410971708,0.623
1,32,1,0,1,1,1,8,0,0,2,0,0,32,1,0,1,2,0,64,1,0,7,2,0,64,1,0,8,1,0,64,0,0,5,1,512,0,0,3,1,1.61604751854,0.4326
1,32,0,0,1,1,1,8,0,0,2,0,0,32,1,0,1,2,0,64,1,0,7,2,0,64,1,0,8,1,0,64,0,0,5,1,512,0,0,3,1,1.01684042339,0.652
1,8,0,0,1,1,1,8,1,0,4,2,0,16,0,0,4,2,0,32,1,0,7,2,0,16,0,0,9,2,1,32,1,0,3,1,128,0,0,0,2,1.20117213974,0.5714
1,64,0,0,7,0,0,32,0,0,8,2,0,8,1,0,2,0,1,16,1,0,8,0,0,64,1,0,1,0,0,64,0,0,5,1,512,1,0,3,1,0.980721580505,0.6654
1,32,0,0,1,2,1,16,0,0,9,0,0,8,1,0,2,0,1,16,1,0,8,0,0,64,1,0,1,0,1,64,1,0,6,1,256,1,0,4,1,1.04014503651,0.6428
1,32,1,0,10,2,0,32,0,0,9,2,0,8,1,0,2,0,1,16,1,0,3,0,0,64,1,0,1,0,0,16,0,0,6,0,32,1,0,4,0,1.11142704573,0.6013
1,64,1,0,10,2,0,32,0,0,9,2,0,8,1,0,2,0,1,16,1,0,3,0,0,64,1,0,8,1,0,64,0,0,5,1,512,1,0,3,1,1.12485423126,0.6227
1,16,1,0,3,1,0,16,0,0,9,0,0,32,1,0,10,1,1,64,1,0,3,1,0,64,0,0,7,1,0,128,1,0,5,0,16,0,0,4,0,0.962365507317,0.6638
1,16,1,0,3,1,0,16,1,0,4,1,0,16,0,0,4,2,0,32,1,0,7,2,0,16,0,0,8,1,0,64,0,0,5,1,512,1,0,3,1,1.31745440502,0.587
1,32,0,0,1,1,1,16,0,0,9,0,0,32,1,0,10,1,1,64,1,0,3,1,0,64,0,0,7,1,0,128,1,0,5,0,16,0,0,4,0,1.58654471912,0.4175
1,64,1,0,10,2,0,32,0,0,9,2,0,8,1,0,2,0,1,16,1,0,3,0,0,64,1,0,8,1,0,64,0,0,5,1,512,1,0,3,1,1.45551037846,0.5124
1,32,0,0,0,1,0,8,0,0,2,0,0,32,1,0,1,1,0,64,1,0,7,2,0,64,0,0,7,1,0,128,1,0,5,0,16,0,0,4,0,1.07651130199,0.6268
1,32,0,0,1,2,1,16,0,0,9,0,0,8,1,0,2,0,1,16,1,0,8,0,0,64,1,0,1,0,0,16,0,0,6,0,32,1,0,10,1,5.92493317413,0.2141
1,64,1,0,10,2,0,32,0,0,9,2,0,8,1,0,4,2,0,32,1,0,7,2,0,16,0,0,9,2,1,32,1,0,3,1,512,0,0,3,1,1.69872991447,0.4371
1,32,0,0,1,1,1,8,0,0,2,0,0,32,1,0,1,2,0,64,1,0,7,2,0,64,1,0,8,1,0,64,0,0,5,1,512,1,0,3,1,1.00036628761,0.66
1,32,0,0,1,1,1,16,0,0,9,0,0,32,1,0,10,0,1,16,1,0,3,0,0,64,1,0,1,0,0,16,0,0,6,0,32,1,0,10,1,1.11571830826,0.6125
1,8,0,0,1,1,1,8,1,0,4,2,0,16,0,0,4,2,0,32,1,0,7,2,0,16,0,0,9,2,1,32,1,0,3,1,128,0,0,0,2,1.16919078903,0.5837
1,16,1,0,3,1,0,16,1,0,4,1,0,16,0,0,4,2,0,32,1,0,7,2,0,16,0,0,8,1,0,64,0,0,5,0,16,0,0,4,0,1.26529123459,0.5688
1,64,0,0,7,0,0,32,0,0,8,2,0,8,1,0,2,0,1,16,1,0,8,0,0,64,1,0,9,2,1,32,1,0,3,1,1024,0,0,0,2,1.03002785683,0.6291
1,16,1,0,3,1,0,16,0,0,9,0,0,32,1,0,10,1,1,64,1,0,3,1,0,64,0,0,7,1,0,128,1,0,5,0,16,0,0,4,0,0.927939073753,0.6762
1,16,1,0,3,1,0,16,0,0,9,0,0,32,1,0,10,1,1,64,1,0,10,1,0,64,0,0,7,1,0,128,1,0,5,0,16,0,0,4,0,0.964953645515,0.6901
1,8,0,0,1,1,1,8,1,0,4,2,0,16,0,0,4,2,0,64,1,0,7,2,0,64,1,0,8,1,0,64,0,0,5,1,512,0,0,3,1,1.42985106907,0.5626
1,16,1,0,3,1,0,16,1,0,2,0,0,32,1,0,1,1,0,64,1,0,7,2,1,64,1,0,3,0,1,128,1,0,6,0,32,1,0,10,2,0.844943729115,0.7055
1,32,0,0,1,1,1,8,0,0,2,0,0,32,1,0,1,2,0,64,1,0,7,2,0,64,1,0,8,1,0,64,0,0,5,1,512,0,0,3,1,1.13625176468,0.6103
1,32,0,0,1,1,1,8,0,0,7,0,0,32,1,0,1,1,0,64,1,0,7,2,1,64,1,0,3,0,1,128,1,0,6,0,32,1,0,4,0,0.997694408417,0.6529
1,16,1,0,1,1,1,16,0,0,9,0,0,32,1,0,10,1,1,64,1,0,3,1,0,64,0,0,7,1,0,128,1,0,5,0,16,0,0,4,0,1.13981633129,0.5876
1,64,0,0,1,1,0,8,0,0,2,0,0,32,1,0,1,1,0,64,1,0,7,2,0,64,0,0,7,1,0,128,1,0,5,0,16,0,0,4,0,1.04743858423,0.6378
1,32,1,0,1,1,1,8,0,0,2,0,0,32,1,0,1,2,0,64,1,0,7,2,0,64,1,0,8,1,0,64,0,0,5,1,512,0,0,3,1,1.33601993065,0.5675
1,64,1,0,10,2,0,32,0,0,9,2,0,8,1,0,4,2,0,32,1,0,7,2,0,16,0,0,9,2,1,32,1,0,3,1,128,0,0,0,2,1.22455186806,0.5759
1,32,0,0,1,1,1,16,0,0,9,0,0,32,1,0,10,1,1,64,1,0,3,1,0,64,0,0,7,1,0,128,1,0,5,0,16,0,0,3,1,1.09618509884,0.617
1,32,0,0,1,1,1,16,1,0,9,0,0,32,1,0,10,1,1,64,1,0,3,1,0,64,0,0,7,1,0,128,1,0,5,0,16,0,0,4,0,0.905398245621,0.6966
1,16,1,0,3,1,0,16,0,0,9,0,0,32,1,0,10,1,1,64,1,0,10,1,0,64,0,0,7,1,0,128,1,0,5,0,16,0,0,4,0,1.06960092239,0.6331
1,16,1,0,3,1,0,16,0,0,9,0,0,32,1,0,10,1,1,64,1,0,10,1,0,64,0,0,7,1,0,128,1,0,5,0,16,0,0,4,0,0.960971750069,0.6953
1,32,0,0,1,1,1,8,0,0,7,0,0,32,1,0,1,1,0,64,1,0,7,2,1,64,1,0,3,1,0,128,1,0,5,0,16,0,0,4,0,1.33415014877,0.544
1,32,0,0,1,1,1,8,0,0,2,0,0,32,1,0,1,1,0,64,1,0,7,2,0,64,0,0,7,1,0,128,1,0,5,0,16,0,0,4,0,1.06184210815,0.6256
1,16,1,0,3,1,0,16,1,0,2,0,0,32,1,0,1,1,0,64,1,0,7,2,1,64,0,0,7,1,0,128,1,0,5,0,16,0,0,4,0,1.11445667286,0.6087
1,64,0,0,1,1,0,8,0,0,2,0,0,32,1,0,1,1,0,64,1,0,7,2,0,64,0,0,7,1,0,128,1,0,5,0,16,0,0,3,1,1.1709927124,0.602
1,16,1,0,3,1,0,16,0,0,9,0,0,32,1,0,10,1,1,64,1,0,3,1,0,64,0,0,9,2,1,32,1,0,3,1,128,0,0,0,2,0.971220908356,0.6653
1,32,0,0,0,1,0,8,0,0,2,0,0,32,0,0,4,2,0,32,1,0,7,2,0,16,0,0,8,1,0,64,0,0,5,0,16,0,0,4,0,1.12363116779,0.6105
1,32,0,0,1,1,1,8,1,0,4,2,0,16,0,0,4,2,0,64,1,0,7,2,0,64,1,0,8,1,0,64,0,0,5,1,512,0,0,3,1,1.91525060139,0.5125
1,16,1,0,1,0,1,16,0,0,9,0,0,32,1,0,10,1,1,64,1,0,3,1,0,64,0,0,7,1,0,128,1,0,5,0,16,0,0,4,2,14.5062856842,0.1
1,64,1,0,7,0,0,32,0,0,8,2,0,8,1,0,2,0,1,16,1,0,8,0,0,64,1,0,9,2,1,32,1,0,3,1,1024,0,0,0,2,1.00366964626,0.6451
1,32,0,0,1,1,1,16,0,0,9,0,0,32,1,0,10,0,1,16,1,0,3,0,0,64,1,0,1,0,0,16,0,0,6,0,32,1,0,10,1,1.29789728508,0.5597
1,32,0,0,1,1,1,8,0,0,2,0,0,32,1,0,1,2,0,64,1,0,7,2,0,64,1,0,8,1,0,64,0,0,5,1,512,0,0,3,1,1.11738310261,0.6283
1,64,1,0,10,2,0,32,0,0,9,2,0,8,1,0,4,2,0,32,1,0,7,2,0,16,0,0,9,2,1,32,1,0,3,1,128,0,0,4,0,1.25467439137,0.5666
1,32,0,0,1,1,1,8,0,0,7,0,0,32,1,0,1,2,0,64,1,0,7,2,0,64,1,0,8,1,0,64,0,0,5,1,512,0,0,3,1,1.00656054077,0.6511
1,32,0,0,1,1,1,16,0,0,9,0,0,32,1,0,10,1,1,64,1,0,3,1,0,64,0,0,7,1,0,128,1,0,5,0,16,0,0,4,0,1.28305735188,0.5292
1,64,1,0,1,1,1,16,0,0,9,0,0,32,1,0,10,1,1,64,1,0,3,1,0,64,0,0,7,1,0,128,1,0,5,0,16,0,0,4,0,0.954846564674,0.686
1,32,0,0,1,1,1,16,1,0,9,0,0,32,1,0,10,1,1,64,1,0,3,1,0,64,0,0,7,1,0,128,1,0,3,1,1024,0,0,0,2,14.5062856445,0.1
1,16,1,0,1,1,1,16,0,0,9,0,0,32,1,0,10,1,1,64,1,0,3,1,0,64,0,0,7,1,0,128,1,0,5,1,512,1,0,4,1,1.60984374542,0.4281
1,32,0,0,0,1,0,8,0,0,2,0,0,32,1,0,1,1,0,64,1,0,7,2,0,64,0,0,7,1,0,128,1,0,5,0,16,0,0,4,0,1.10792064619,0.622
1,16,1,0,3,1,0,16,1,0,2,0,0,32,0,0,4,2,0,64,1,0,7,2,0,64,1,0,8,1,0,64,0,0,5,1,512,0,0,3,1,14.5062856689,0.1
1,32,0,0,1,1,1,32,0,0,7,0,0,32,1,0,1,1,0,64,1,0,7,2,0,64,1,0,8,1,0,64,0,0,5,1,512,0,0,3,1,1.03418586893,0.6668
1,64,0,0,1,1,0,8,0,0,2,0,0,32,1,0,1,1,0,32,1,0,7,2,0,16,0,0,8,1,0,64,0,0,5,0,16,0,0,4,0,1.03003063011,0.6489
1,32,0,0,1,1,1,16,0,0,2,0,0,32,1,0,1,1,0,64,1,0,7,2,0,64,0,0,7,1,0,128,1,0,5,0,16,0,0,3,1,1.01907953987,0.6475
1,16,1,0,3,1,0,8,0,0,2,0,0,32,0,0,4,2,0,32,1,0,7,2,0,16,0,0,8,1,0,64,0,0,5,0,16,0,0,4,0,1.1717590579,0.5947
1,64,1,0,7,0,0,32,0,0,8,0,0,32,1,0,10,1,1,64,1,0,10,1,0,64,0,0,7,1,0,128,1,0,5,0,16,0,0,4,0,1.43519969044,0.4914
1,16,1,0,3,1,0,16,0,0,9,0,0,32,1,0,10,1,1,64,1,0,10,1,0,64,0,0,7,1,0,128,1,0,5,0,16,0,0,4,0,1.09149802647,0.6238
1,32,0,0,7,0,0,32,0,0,8,2,0,8,1,0,2,0,1,16,1,0,8,0,0,64,1,0,9,2,1,32,1,0,3,1,16,0,0,0,2,1.11892629662,0.598
1,32,0,0,1,1,1,8,0,0,2,0,0,32,1,0,1,2,0,64,1,0,7,2,0,64,1,0,8,1,0,64,0,0,5,1,256,0,0,3,1,1.11733125019,0.6137
1,32,0,0,0,1,0,8,0,0,2,0,0,32,1,0,1,1,0,64,1,0,7,2,0,64,1,0,1,0,0,16,0,0,6,0,32,1,0,10,1,1.21298682423,0.5915
1,16,1,0,3,1,0,16,0,0,9,0,0,32,1,0,4,2,0,32,1,0,7,2,0,16,0,0,8,1,0,64,0,0,5,0,16,0,0,4,0,1.20449915648,0.5906
1,32,1,0,3,1,0,16,0,0,9,0,0,32,1,0,10,1,1,64,1,0,10,1,0,64,0,0,7,1,0,128,1,0,5,0,16,0,0,4,0,1.06143294315,0.6405
1,32,0,0,1,1,1,16,0,0,9,0,0,32,1,0,10,2,0,64,1,0,7,2,0,64,1,0,8,1,0,64,0,0,5,1,512,0,0,3,1,1.03701622782,0.6527
1,32,0,0,1,1,1,8,0,0,2,0,0,32,1,0,1,1,0,64,1,0,7,2,0,64,0,0,3,1,0,128,1,0,5,0,16,0,0,4,0,1.1035588892,0.6111
1,32,0,0,1,1,1,32,0,0,7,0,0,32,1,0,1,2,0,64,1,0,7,2,0,64,0,0,7,1,0,128,1,0,5,0,16,0,0,4,3,1.08849664001,0.6153
1,16,1,0,1,1,1,16,0,0,9,0,0,32,1,0,10,1,1,64,1,0,3,1,0,64,0,0,7,1,0,128,1,0,5,0,16,0,0,4,0,1.06741805506,0.6349
1,16,1,0,3,1,0,16,0,0,9,0,0,32,1,0,4,2,0,32,1,0,7,2,0,16,0,0,9,2,1,32,1,0,3,1,128,0,0,4,0,1.24936551476,0.5624
1,16,1,0,3,0,0,16,0,0,7,0,0,32,1,0,1,1,0,64,1,0,7,2,1,64,1,0,3,1,0,128,1,0,5,0,16,0,0,4,0,1.0534243166,0.642
1,16,0,0,3,1,0,16,0,0,9,0,0,32,1,0,10,1,1,64,1,0,7,2,0,64,0,0,7,1,0,128,1,0,5,0,16,0,0,3,1,1.60062773361,0.5314
1,16,1,0,3,1,0,16,0,0,9,0,0,32,1,0,10,1,1,64,1,0,10,1,0,64,0,0,7,1,0,128,1,0,5,0,16,0,0,4,0,1.02988753414,0.6608
1,16,1,0,3,1,0,16,0,0,9,0,0,32,1,0,10,1,1,64,1,0,10,1,0,64,0,0,7,1,0,128,1,0,5,1,512,0,0,3,1,14.5062856445,0.1
1,16,1,0,3,1,0,8,0,0,2,0,0,32,1,0,1,1,0,64,1,0,7,2,0,64,1,0,1,0,0,16,0,0,6,0,32,1,0,10,1,1.29166509323,0.5694
1,64,0,0,0,1,0,8,0,0,2,0,0,32,1,0,1,1,0,64,1,0,7,2,0,64,1,0,1,0,0,16,0,0,3,1,16,0,0,0,2,1.57194553852,0.3902
1,32,0,0,1,1,1,8,0,0,2,0,0,32,1,0,1,1,0,64,1,0,7,2,0,64,0,0,3,1,0,128,1,0,5,0,16,0,0,4,0,1.11833928528,0.6055
1,32,0,0,0,1,0,8,0,0,2,0,0,32,1,0,1,1,0,64,1,0,7,2,0,64,1,0,1,0,0,16,0,0,6,0,32,1,0,10,1,1.11688399534,0.611
1,32,0,0,7,0,0,32,0,0,8,2,0,8,1,0,2,0,1,16,1,0,8,1,0,64,0,0,7,1,0,128,1,0,5,0,16,0,0,4,0,1.13331202993,0.6338
1,16,1,0,3,0,0,16,0,0,7,0,0,32,1,0,1,1,0,64,1,0,7,2,1,64,1,0,3,1,0,128,1,0,5,0,16,0,0,4,0,1.12445646439,0.612
1,32,0,0,3,1,0,16,0,0,9,0,0,32,1,0,4,2,0,32,1,0,7,2,0,16,0,0,8,1,0,64,0,0,5,0,16,0,0,4,0,1.07899150066,0.6222
1,16,0,0,3,1,0,16,0,0,9,0,0,32,1,0,10,1,1,64,0,0,10,1,0,64,0,0,7,1,0,128,1,0,5,0,16,0,0,4,0,1.05530028763,0.6626
1,32,0,0,1,1,1,8,0,0,2,0,0,32,1,0,1,2,0,64,1,0,8,0,0,64,1,0,9,2,1,32,1,0,3,1,16,0,0,0,2,1.09453010426,0.6076
1,16,1,0,3,0,0,16,0,0,7,0,0,32,1,0,1,1,0,64,1,0,7,2,0,64,1,0,8,1,0,64,0,0,5,1,512,0,0,3,1,14.5062856689,0.1
1,16,1,0,1,1,1,16,0,0,9,0,0,32,1,0,10,1,1,64,1,0,3,1,0,64,0,0,7,1,0,128,1,0,5,0,16,0,0,4,0,0.961003390694,0.6781
1,32,0,0,7,0,0,32,0,0,8,2,0,8,1,0,2,0,1,16,1,0,8,0,0,64,1,0,9,2,1,32,1,0,3,1,16,0,0,0,2,1.11346611557,0.6053
1,16,0,0,3,1,0,16,0,0,9,0,0,32,1,0,10,1,0,64,1,0,7,2,0,64,0,0,7,1,0,128,1,0,5,0,16,0,0,3,1,1.2574334034,0.5705
1,32,0,0,1,1,1,16,0,0,2,0,0,32,1,0,1,1,0,64,1,0,7,2,0,64,0,0,8,1,0,64,0,0,5,1,512,0,0,3,1,1.02177326736,0.6599
1,32,0,0,1,1,1,16,0,0,9,0,0,32,1,0,10,2,0,64,1,0,7,2,1,64,1,0,3,1,0,128,1,0,5,0,16,0,0,4,0,1.1001448288,0.6184
1,32,0,0,5,1,1,32,0,0,7,0,0,32,1,0,1,1,0,64,1,0,7,2,0,64,1,0,8,1,0,64,0,0,5,0,16,0,0,4,0,0.939413825417,0.6788
1,32,0,0,1,1,1,8,0,0,0,0,0,32,1,0,1,2,0,64,1,0,7,2,0,64,1,0,8,1,0,64,0,0,5,1,256,0,0,3,1,1.05617753448,0.6381
1,32,0,0,1,1,1,32,0,0,7,0,0,32,1,0,1,1,0,64,1,0,7,2,0,64,1,0,8,1,0,64,0,0,5,1,512,0,0,4,0,0.88352917738,0.6972
1,16,1,0,3,1,0,16,1,0,2,0,0,32,0,0,4,2,0,64,1,0,7,2,0,64,1,0,8,1,0,64,0,0,5,1,512,0,0,3,1,2.55537358093,0.3477
1,32,0,0,1,1,1,32,0,0,7,0,0,32,1,0,1,1,0,64,1,0,7,2,0,64,1,0,8,1,0,64,0,0,5,1,512,0,0,4,0,0.876612170124,0.7034
1,16,1,0,3,1,0,8,0,0,2,0,0,32,1,0,1,1,0,64,1,0,7,2,0,64,1,0,8,1,0,64,0,0,5,1,512,0,0,3,1,1.58673763218,0.5104
1,16,0,0,3,1,0,16,0,0,9,0,0,32,1,0,10,1,1,64,1,0,7,2,0,64,1,0,1,0,0,16,0,0,6,0,32,1,0,10,1,1.34045829964,0.5599
1,32,0,0,1,1,1,16,0,0,9,0,0,32,1,0,10,2,0,32,1,0,7,2,0,16,0,0,8,1,0,64,0,0,5,0,16,0,0,4,0,1.00388677998,0.6486
1,64,0,0,0,1,0,8,0,0,2,0,0,32,1,0,1,1,0,64,1,0,7,2,0,64,0,0,3,1,0,128,1,0,5,0,16,0,0,4,0,1.05816603918,0.6379
1,32,1,0,1,1,1,16,0,0,9,0,0,32,1,0,10,1,1,64,1,0,3,1,0,64,0,0,7,1,0,128,1,0,5,0,16,0,0,4,0,1.24809586239,0.5559
1,16,0,0,2,1,0,16,0,0,9,0,0,32,1,0,10,1,0,64,1,0,7,2,0,64,1,0,8,1,0,64,0,0,5,0,16,0,0,4,0,1.17813219604,0.588
1,16,1,0,3,1,0,16,0,0,9,0,0,32,1,0,10,1,1,64,0,0,10,1,0,64,0,0,7,1,0,128,1,0,5,0,16,0,0,4,0,0.978618719292,0.6822
1,32,0,0,3,1,0,16,0,0,9,0,0,32,1,0,4,2,0,32,1,0,7,2,0,16,0,0,8,1,0,16,0,0,6,0,32,1,0,10,1,1.08164591045,0.6274
1,16,0,0,3,1,0,16,0,0,9,0,0,32,1,0,10,1,0,64,1,0,7,2,0,64,0,0,7,1,0,128,1,0,5,0,16,0,0,3,1,1.15325064526,0.6035
1,16,1,0,3,1,0,8,0,0,2,0,0,32,1,0,1,1,0,64,1,0,7,2,0,64,0,0,8,1,0,64,0,0,5,1,512,0,0,3,1,1.26110132942,0.5704
1,32,0,0,1,1,1,32,0,0,7,0,0,32,1,0,1,1,0,64,1,0,7,2,0,64,1,0,8,1,0,64,0,0,5,1,512,0,0,4,0,0.885981041908,0.6955
1,32,0,0,7,0,0,32,0,0,8,2,0,8,1,0,2,0,1,16,0,0,10,1,0,64,0,0,7,1,0,128,1,0,5,0,16,0,0,4,0,1.117727808,0.6317
1,32,0,0,1,1,1,16,0,0,9,2,0,32,1,0,10,1,1,64,1,0,3,1,0,64,0,0,7,1,0,128,1,0,5,0,16,0,0,4,0,1.22848985062,0.5781
1,32,0,0,1,1,1,8,0,0,2,0,0,32,1,0,1,1,0,64,1,0,7,2,0,64,1,0,1,0,0,16,0,0,6,0,32,1,0,10,1,1.28579899998,0.5611
1,32,0,0,1,1,1,16,0,0,2,0,0,32,1,0,1,1,0,64,1,0,7,2,0,64,0,0,8,1,0,64,0,0,5,1,512,0,0,0,2,0.94427455759,0.6741
1,16,1,0,3,0,0,16,0,0,7,0,0,32,1,0,1,1,0,64,1,0,7,2,1,64,1,0,3,1,0,128,1,0,5,0,16,0,0,4,0,1.17209685001,0.6023
1,16,1,0,1,1,1,32,0,0,7,0,0,32,1,0,1,1,0,64,1,0,7,2,0,64,1,0,8,1,0,64,0,0,5,1,512,0,0,4,0,1.00851421137,0.6579
1,32,0,0,1,1,1,32,0,0,9,0,0,32,1,0,10,2,0,64,1,0,7,2,1,64,1,0,3,1,0,128,1,0,5,0,16,0,0,4,2,1.41724758129,0.496
1,16,1,0,3,1,0,16,0,0,9,0,0,32,1,0,10,1,1,64,1,0,10,1,0,64,0,0,7,1,0,128,1,0,5,1,512,0,0,3,1,1.21428661757,0.5937
1,32,0,0,1,1,1,8,0,0,2,0,0,32,1,0,1,1,1,64,0,0,10,1,0,64,0,0,7,1,0,128,1,0,5,0,16,0,0,4,0,0.991039274979,0.6844
1,32,0,0,1,1,1,32,0,0,7,0,0,32,1,0,1,1,0,64,1,0,7,2,0,64,0,0,3,1,0,128,1,0,5,0,16,0,0,4,0,0.922140908146,0.6823
1,32,0,0,7,0,0,32,0,0,8,2,0,32,1,0,10,1,1,64,1,0,7,1,0,64,0,0,7,1,0,128,1,0,5,1,512,0,0,7,1,1.6038087368,0.4578
1,32,0,0,1,1,1,16,0,0,0,0,0,32,1,0,10,2,0,32,1,0,7,2,0,16,0,0,8,1,0,64,0,0,5,0,16,0,0,4,0,0.995599482346,0.6537
1,32,0,0,1,1,1,32,0,0,7,0,0,32,1,0,1,1,0,64,1,0,7,2,1,64,1,0,8,1,0,64,0,0,5,1,512,0,0,4,0,1.24990942669,0.5963
1,16,0,0,3,1,0,16,0,0,9,0,0,32,1,0,1,1,0,64,1,0,7,2,0,64,0,0,8,1,0,64,0,0,5,1,512,0,0,0,2,1.05172252474,0.6312
1,16,0,0,3,1,0,16,0,0,9,0,0,32,1,0,10,1,0,64,1,0,7,2,0,64,0,0,7,1,0,128,1,0,5,0,16,0,0,3,0,1.16589264126,0.5967
1,32,0,0,1,1,1,16,0,0,9,2,0,32,1,0,10,1,1,64,1,0,3,1,0,64,0,0,7,1,0,128,1,0,5,0,16,0,0,4,1,3.15210146103,0.2911
1,32,0,0,1,1,1,32,0,0,7,0,0,32,1,0,1,1,0,64,1,0,7,2,0,64,1,0,8,1,0,64,0,0,5,1,512,0,0,4,0,0.876770407772,0.7005
1,32,0,0,1,1,1,16,0,0,2,0,0,32,1,0,1,1,0,64,1,0,7,2,0,64,0,0,3,1,0,128,1,0,5,0,16,0,0,4,0,0.998561917877,0.6519
1,16,0,0,3,1,0,16,0,0,9,0,0,32,1,0,10,1,0,64,1,0,7,2,0,64,0,0,7,1,0,128,1,0,5,0,16,0,0,3,1,1.17684346333,0.5905
1,16,1,0,3,1,0,8,0,0,2,0,0,32,1,0,1,1,0,64,1,0,7,2,0,64,0,0,8,1,0,64,0,0,5,1,512,0,0,3,1,1.39451872778,0.5834
1,32,0,0,1,1,1,16,0,0,2,0,0,32,1,0,1,1,0,64,1,0,7,2,0,64,0,0,8,1,0,64,0,0,5,1,512,0,0,0,2,0.940445654774,0.6706
1,32,0,0,1,1,1,32,0,0,7,0,0,32,1,0,1,1,0,64,1,0,7,2,0,64,1,0,8,1,0,64,0,0,5,0,16,0,0,4,0,0.946048707962,0.6799
1,16,1,0,1,1,1,32,0,0,7,0,0,32,1,0,1,1,0,64,1,0,7,2,0,64,1,0,8,1,0,64,0,0,5,0,16,0,0,4,0,1.00870878239,0.6494
1,32,0,0,3,1,0,16,0,0,9,0,0,32,1,0,4,2,0,32,1,0,7,2,0,64,0,0,7,1,0,128,1,0,5,1,16,0,0,3,1,1.40942278366,0.4959
1,64,0,0,8,1,0,8,0,0,2,0,0,32,1,0,1,1,0,64,1,0,7,2,0,64,0,0,7,1,0,128,1,0,5,0,16,0,0,3,1,1.09817107582,0.6307
1,16,0,0,3,1,0,16,0,0,9,0,0,32,1,0,10,1,0,64,1,0,7,2,0,64,1,0,8,1,0,64,0,0,5,1,512,0,0,4,0,1.00017166853,0.6544
1,16,0,0,3,1,0,16,0,0,9,0,0,32,1,0,1,1,0,64,1,0,7,2,0,64,0,0,8,1,0,64,0,0,5,1,512,0,0,0,2,1.06737029343,0.6233
1,32,0,0,1,1,1,32,0,0,7,0,0,32,1,0,1,1,0,64,1,0,7,2,0,64,1,0,8,1,0,64,0,0,5,1,512,0,0,4,0,0.876859694386,0.6971
1,32,0,0,1,2,1,16,0,0,0,0,0,32,1,0,10,2,0,32,1,0,7,2,1,64,1,0,8,1,0,64,0,0,5,1,512,0,0,4,0,13.6857793121,0.1506
1,16,0,0,3,1,0,16,0,0,9,0,0,32,1,0,1,1,1,64,0,0,10,1,0,64,0,0,7,1,0,128,1,0,5,0,16,0,0,4,0,0.981995281601,0.6879
1,32,0,0,1,1,1,32,0,0,2,0,0,32,1,0,1,1,0,64,1,0,7,2,0,64,0,0,8,1,0,64,0,0,5,1,512,0,0,0,2,0.953415388489,0.6721
1,32,0,0,1,1,1,16,0,0,2,0,0,32,1,0,1,1,0,64,1,0,7,2,0,64,0,0,8,1,0,64,0,0,5,1,512,0,0,4,0,0.931423469257,0.6811
1,32,0,0,1,1,1,32,0,0,7,0,0,32,1,0,1,1,0,64,1,0,7,2,0,64,1,0,8,1,0,64,0,0,5,1,512,0,0,0,2,0.931170046997,0.68
1,16,1,0,6,1,1,16,0,0,2,0,0,32,1,0,1,1,0,64,1,0,7,2,0,64,0,0,3,1,0,128,1,0,5,0,16,0,0,4,0,1.19002687836,0.5809
1,64,0,0,8,1,0,8,0,0,2,0,0,32,1,0,1,1,0,64,1,0,7,2,0,64,0,0,7,1,0,128,1,0,5,1,512,0,0,0,2,6.66,0.1
1,32,0,0,1,1,1,32,0,0,7,0,0,32,1,0,1,1,0,64,1,0,7,2,0,64,0,0,8,1,0,64,0,0,5,1,512,0,0,0,2,0.913761298752,0.6801
1,32,0,0,1,1,1,32,0,0,7,0,0,32,1,0,1,1,0,64,1,0,7,2,0,64,1,0,8,1,0,64,0,0,5,1,512,0,0,4,0,0.885887384319,0.6937
1,32,0,0,2,1,1,16,0,0,2,0,0,32,1,0,1,1,0,64,1,0,7,2,0,64,0,0,7,1,0,128,1,0,5,0,16,0,0,3,1,1.10501131954,0.6208
1,32,0,0,1,1,1,16,0,0,0,0,0,32,1,0,10,2,0,32,1,0,7,2,0,16,0,0,8,1,0,64,0,0,5,0,16,0,0,4,0,1.02839750175,0.6376
1,32,0,0,1,1,1,32,0,0,7,0,0,32,1,0,1,1,0,64,1,0,7,2,0,64,1,0,8,1,0,64,0,0,5,1,512,0,0,4,0,0.84999636097,0.708
1,32,0,0,1,1,1,8,0,0,2,0,0,32,1,0,1,1,1,64,0,0,10,1,0,64,0,0,7,1,0,128,1,0,5,0,16,0,0,4,0,1.02795957203,0.6669
1,16,0,0,3,1,0,16,0,0,9,0,0,32,1,0,1,1,0,64,1,0,7,2,0,64,0,0,8,1,0,64,0,0,5,1,512,0,0,3,0,1.02553972216,0.6451
1,32,0,0,1,1,1,8,0,0,2,0,0,32,1,0,1,1,1,64,0,0,10,1,0,64,0,0,8,1,0,64,0,0,5,0,16,0,0,4,0,1.06753082705,0.6558
1,32,0,0,1,1,1,16,0,0,0,0,0,32,1,0,10,2,0,32,1,0,7,2,0,16,0,0,8,1,0,64,0,0,5,0,16,0,0,4,0,1.0088462348,0.6504
1,16,1,0,3,1,0,8,0,0,2,0,0,32,1,0,1,1,0,64,1,0,7,2,0,64,0,0,8,1,0,64,0,0,5,0,16,0,0,4,0,2.24248834763,0.3962
1,32,0,0,1,1,1,16,0,0,2,0,0,32,1,0,1,1,0,64,1,0,7,2,0,16,0,0,8,1,0,64,0,0,5,0,16,0,0,4,3,1.1271661665,0.5968
1,32,0,0,1,1,1,16,0,0,7,0,0,32,1,0,1,1,0,64,1,0,7,2,0,64,1,0,8,1,0,64,0,0,5,0,16,0,0,4,0,1.00999209604,0.6489
1,32,0,0,1,1,1,8,0,0,2,0,0,32,1,0,1,1,1,64,0,0,10,1,0,64,0,0,7,1,0,128,1,0,5,0,16,0,0,4,0,1.02257004757,0.6711
1,32,0,0,1,1,1,32,0,0,7,0,0,32,1,0,1,1,0,64,1,0,7,2,0,64,0,0,8,1,0,64,0,0,5,0,16,0,0,4,0,0.927507689476,0.6779
1,32,0,0,4,1,1,16,0,0,2,0,0,32,1,0,1,1,0,64,1,0,7,2,0,64,0,0,8,1,0,64,0,0,5,0,16,0,0,4,0,1.00970234623,0.646
1,32,0,0,1,1,1,32,0,0,7,0,0,32,1,0,1,1,0,64,1,0,7,2,0,64,0,0,7,1,0,128,1,0,5,0,16,0,0,3,1,0.976488786697,0.6663
1,64,0,0,1,1,1,16,0,0,0,0,0,32,1,0,10,2,0,32,1,0,7,2,0,16,0,0,8,1,0,64,0,0,5,1,512,0,0,4,0,1.02017623663,0.6507
1,32,0,0,1,1,1,8,0,0,2,0,0,32,1,0,1,1,1,64,0,0,10,1,0,64,0,0,8,1,0,64,0,0,5,0,16,0,0,4,2,1.25817142029,0.6025
1,32,0,0,2,1,1,16,0,0,2,0,0,32,1,0,1,1,0,64,1,0,7,2,0,64,0,0,8,1,0,64,0,0,5,0,16,0,0,4,0,0.983766548157,0.6547
1,32,0,0,1,1,1,16,0,0,7,0,0,32,1,0,1,1,0,64,1,0,7,2,0,64,1,0,8,1,0,64,0,0,5,0,16,0,0,4,0,1.00601251202,0.6483
1,16,1,0,6,1,1,16,0,0,2,0,0,32,1,0,1,1,0,64,1,0,7,2,0,64,0,0,8,1,0,64,0,0,5,1,512,0,0,4,0,1.49584363174,0.5297
1,32,0,0,1,1,1,32,0,0,7,0,0,32,1,0,1,1,0,64,1,0,7,2,0,64,0,0,8,1,0,64,0,0,5,0,16,0,0,4,0,0.967016196346,0.6637
1,32,0,0,1,1,1,32,0,0,7,0,0,32,1,0,1,1,0,64,1,0,7,2,0,64,0,0,8,1,0,64,0,0,5,0,16,0,0,4,0,0.976506818771,0.6609
1,32,0,0,1,1,1,8,0,0,2,0,0,32,1,0,1,1,1,64,0,0,10,1,0,64,0,0,8,1,0,64,0,0,5,0,16,0,0,4,0,1.0295099308,0.6664
1,32,0,0,2,1,1,16,0,0,2,0,0,32,1,0,1,1,0,64,1,0,7,2,0,64,1,0,8,1,0,64,0,0,5,1,512,0,0,4,0,0.962536418056,0.6614
1,32,0,0,1,1,1,8,0,0,2,0,0,32,1,0,1,1,0,64,1,0,7,2,0,64,0,0,8,1,0,64,0,0,5,1,512,0,0,3,0,0.944023904514,0.6747
1,16,0,0,3,1,0,16,0,0,9,0,0,32,1,0,1,1,0,64,1,0,7,2,0,64,1,0,8,1,0,64,0,0,5,1,512,0,0,0,2,1.03273581343,0.6414
1,32,0,0,1,1,1,32,0,0,7,0,0,32,1,0,1,1,0,64,1,0,7,2,0,64,1,0,8,1,0,64,0,0,5,1,512,0,0,4,0,0.891769279385,0.694
1,32,0,0,1,1,1,8,0,0,2,0,0,32,1,0,1,1,1,64,0,0,10,1,0,64,0,0,7,1,0,128,1,0,5,0,16,0,0,4,0,0.974509036636,0.6848
1,32,0,0,1,1,1,16,0,0,7,0,0,32,1,0,1,1,0,64,1,0,7,1,0,64,0,0,7,1,0,128,1,0,5,0,16,0,0,4,0,0.993827408123,0.6507
1,32,0,0,1,1,1,8,0,0,2,0,0,32,1,0,1,1,1,64,0,0,10,1,0,64,0,0,8,1,0,64,0,0,5,0,16,0,0,4,0,1.02508265333,0.6649
1,32,0,0,1,1,1,32,0,0,7,0,0,32,1,0,1,1,0,64,1,0,7,2,0,64,1,0,8,1,0,64,0,0,5,1,512,0,0,4,3,0.943022637844,0.679
1,32,0,0,1,2,1,16,0,0,0,0,0,32,1,0,10,2,0,32,1,0,7,2,1,32,1,0,8,1,0,64,0,0,5,1,512,0,0,4,0,3.71463728867,0.3223
1,32,0,0,1,1,1,8,0,0,2,0,0,32,1,0,1,1,0,64,1,0,7,2,0,64,0,0,8,1,0,64,0,0,5,1,512,0,0,3,0,0.9580064394,0.6666
1,32,0,0,1,1,1,16,0,0,9,0,0,32,1,0,1,1,0,64,1,0,7,2,0,64,1,0,8,1,0,64,0,0,5,1,512,0,0,0,2,0.984521545696,0.6595
1,32,0,0,2,0,1,16,0,0,2,0,0,32,1,0,1,1,0,64,1,0,7,2,0,64,1,0,8,1,0,64,0,0,5,1,512,0,0,4,0,1.19308486385,0.6468
1,32,0,0,2,1,1,16,0,0,2,0,0,32,1,0,1,1,1,64,0,0,10,1,0,64,0,0,7,1,0,128,1,0,5,0,16,0,0,4,0,0.937236922455,0.6904
1,32,0,0,1,1,1,32,0,0,7,0,0,32,1,0,1,1,0,64,1,0,7,2,0,64,0,0,8,1,0,64,0,0,5,1,512,0,0,0,2,0.936156806183,0.677
1,16,0,0,3,1,0,16,0,0,9,0,0,32,1,0,1,1,0,64,1,0,7,2,0,64,1,0,8,1,0,64,0,0,5,1,512,0,0,4,0,1.00060970688,0.648
1,32,0,0,1,1,1,16,0,0,6,0,0,32,1,0,1,1,0,64,1,0,7,2,0,64,1,0,8,1,0,64,0,0,5,1,512,0,0,4,0,0.911624660397,0.688
1,32,0,0,1,2,1,32,0,0,7,0,0,32,1,0,1,1,0,64,1,0,7,2,0,64,1,0,8,1,0,64,0,0,5,1,512,0,0,4,3,0.942187109375,0.6769
1,32,0,0,1,1,1,32,0,0,7,0,0,32,1,0,1,1,0,64,1,0,7,2,0,64,0,0,8,1,0,64,0,0,5,0,16,0,0,4,0,0.980674752998,0.6609
1,32,0,0,1,1,1,8,0,0,0,0,0,32,1,0,10,2,0,32,1,0,7,2,0,16,0,0,8,1,0,64,0,0,5,1,512,0,0,4,0,1.01022091246,0.6566
1,32,0,0,1,1,1,32,0,0,7,0,0,32,1,0,1,1,0,64,1,0,7,2,0,64,0,0,8,1,0,64,0,0,5,0,16,0,0,4,0,0.914319930077,0.6886
1,32,0,0,1,2,1,16,0,0,7,0,0,32,1,0,1,1,0,64,1,0,7,2,0,64,0,0,8,1,0,64,0,0,5,0,16,0,0,4,0,1.09133910999,0.6284
1,8,0,0,1,1,1,16,0,0,7,0,0,32,1,0,1,1,0,64,1,0,7,1,0,64,0,0,8,1,0,64,0,0,5,0,16,0,0,4,0,1.09411051664,0.6149
1,32,0,0,1,1,1,32,0,0,2,0,0,32,1,0,1,1,1,64,0,0,10,1,0,64,0,0,8,1,0,64,0,0,5,0,16,0,0,4,0,0.902579861927,0.6997
1,32,0,0,2,1,0,16,0,0,9,0,0,32,1,0,1,1,0,64,1,0,7,2,0,64,1,0,8,1,0,64,0,0,5,1,512,0,0,0,2,0.96832053566,0.6599
1,32,0,0,1,1,1,16,0,0,7,0,0,32,1,0,1,1,0,64,1,0,7,2,0,64,0,0,8,1,0,64,0,0,5,0,16,0,0,4,0,1.01447493668,0.6494
1,32,0,0,1,1,1,8,0,0,7,0,0,32,1,0,1,1,0,64,1,0,7,2,0,64,1,0,8,1,0,64,0,0,5,0,16,0,0,4,0,1.08872313747,0.6135
1,32,0,0,4,1,1,16,0,0,2,0,0,32,1,0,1,1,0,64,1,0,7,2,0,64,0,0,8,1,0,64,0,0,5,1,512,0,0,4,0,0.964048979759,0.6643
1,32,0,0,4,1,1,16,0,0,2,0,0,32,1,0,1,1,0,64,1,0,7,2,0,64,0,0,8,1,0,64,0,0,5,1,16,0,0,3,0,1.13378890152,0.6107
1,32,0,0,1,1,1,32,0,0,7,0,0,32,1,0,1,1,0,64,1,0,7,2,0,64,0,0,8,1,0,64,0,0,5,0,16,0,0,4,0,0.929247350311,0.6807
1,32,0,0,4,1,1,16,0,0,2,0,0,32,1,0,1,1,0,64,1,0,7,2,0,64,0,0,8,1,0,64,0,0,5,1,512,0,0,0,2,0.992842665672,0.6505
1,16,0,0,3,0,0,16,0,0,9,0,0,32,1,0,1,1,1,64,0,0,10,1,0,64,0,0,7,1,0,128,1,0,5,0,16,0,0,4,0,0.98348358345,0.68
1,32,0,0,1,1,1,8,0,0,2,0,0,32,1,0,1,1,0,64,1,0,7,2,0,64,1,0,8,1,0,64,0,0,5,1,512,0,0,4,0,0.965400645351,0.6667
1,16,0,0,1,1,1,8,0,0,2,0,0,32,1,0,1,1,0,64,1,0,7,2,0,64,0,0,8,1,0,64,0,0,5,1,512,0,0,3,0,1.09668546066,0.6157
1,32,0,0,1,1,1,32,0,0,7,0,0,32,1,0,1,1,0,64,1,0,7,2,0,64,0,0,8,1,0,64,0,0,5,0,16,0,0,4,0,0.930220407486,0.6811
1,32,0,0,1,1,1,8,0,0,7,0,0,32,1,0,1,1,0,64,1,0,7,2,0,64,0,0,8,1,0,64,0,0,5,0,16,0,0,4,0,1.17726316223,0.5773
1,32,0,0,1,1,1,8,0,0,2,0,0,32,1,0,1,1,0,64,1,0,7,2,0,64,0,0,8,1,0,64,0,0,5,1,512,0,0,3,0,1.02388131018,0.6539
1,32,0,0,1,1,1,32,0,0,7,0,0,32,1,0,1,1,0,64,1,0,7,2,0,64,0,0,8,1,0,64,0,0,5,1,512,0,0,0,2,0.922711874294,0.6743
1,32,0,0,1,1,1,32,0,0,7,0,0,32,1,0,1,1,0,64,1,0,7,2,0,16,0,0,8,1,0,64,0,0,5,1,512,0,0,4,0,0.877025627136,0.7001
1,32,0,0,1,2,1,32,0,0,7,0,0,32,1,0,1,1,0,64,1,0,7,2,0,64,0,0,8,1,0,64,0,0,5,1,512,0,0,0,2,14.5062856903,0.1
1,32,0,0,1,2,1,32,0,0,7,0,0,32,1,0,1,1,0,64,1,0,7,2,0,64,1,0,8,1,0,64,0,0,5,1,512,0,0,4,0,1.03749675703,0.6623
1,32,0,0,1,1,1,32,0,0,7,0,0,32,1,0,1,1,0,64,1,0,7,2,0,64,0,0,8,1,0,64,0,0,5,0,16,0,0,4,0,0.958521172237,0.6658
1,32,0,0,1,1,1,8,0,0,0,0,0,32,1,0,1,1,0,64,1,0,7,2,0,64,0,0,8,1,0,64,0,0,5,0,16,0,0,4,0,1.1137063446,0.6073
1,32,0,0,2,1,1,32,0,0,2,0,0,32,1,0,1,1,1,32,0,0,10,1,0,64,0,0,8,1,0,64,0,0,5,0,16,0,0,4,0,0.96778515873,0.6888
1,32,0,0,1,2,1,32,0,0,7,0,0,32,1,0,1,1,0,64,1,0,7,2,0,64,1,0,8,1,0,64,0,0,5,0,16,0,0,4,0,1.02478344469,0.6536
1,32,0,0,1,1,1,32,0,0,7,0,0,32,1,0,1,1,0,64,1,0,7,2,0,64,0,0,8,1,0,64,0,0,5,0,16,0,0,4,0,0.938603487778,0.6669
1,32,0,0,1,1,1,16,0,0,9,0,0,32,1,0,1,1,0,64,1,0,7,2,0,64,1,0,8,1,0,64,0,0,5,1,512,0,0,0,2,1.01057347956,0.6386
1,32,0,0,1,1,1,8,0,0,0,0,0,32,1,0,10,2,0,32,1,0,7,2,0,16,0,0,8,1,0,128,1,0,5,0,16,0,0,4,0,1.14568184166,0.6004
1,32,0,0,1,1,1,32,0,0,2,0,0,32,1,0,1,1,1,64,0,0,10,1,0,64,0,0,8,1,0,64,0,0,5,1,512,0,0,4,3,0.850918184566,0.715
1,32,0,0,1,1,1,8,0,0,2,0,0,32,1,0,1,1,0,64,1,0,7,2,0,64,0,0,8,1,0,64,0,0,5,1,512,0,0,3,0,1.03913938694,0.6458
1,32,0,0,1,1,1,32,0,0,7,0,0,32,1,0,1,1,0,64,1,0,7,2,0,64,0,0,8,1,0,64,0,0,5,1,512,0,0,3,0,0.908164068413,0.6895
1,32,0,0,1,1,1,32,0,0,7,0,0,32,1,0,1,1,0,64,0,0,10,1,0,64,0,0,8,1,0,64,0,0,5,1,512,0,0,4,3,0.943919199753,0.6669
1,32,0,0,1,2,1,32,0,0,7,0,0,32,1,0,1,1,0,64,1,0,7,2,0,64,1,0,8,1,0,64,0,0,5,1,512,0,0,3,0,1.12807339735,0.6625
1,32,0,0,1,1,1,8,0,0,0,0,0,32,1,0,10,2,0,64,0,0,10,1,0,64,0,0,8,1,0,64,0,0,5,1,512,0,0,4,3,1.04679501762,0.6285
1,32,0,0,1,1,1,8,0,0,2,0,0,32,1,0,1,1,0,64,1,0,7,2,0,64,0,0,8,1,0,64,0,0,5,1,512,0,0,3,0,0.961268195343,0.6652
1,32,0,0,2,1,1,32,0,0,2,0,0,32,1,0,1,1,1,32,0,0,10,1,0,64,0,0,8,1,0,64,0,0,5,0,16,0,0,4,0,0.959133071709,0.6951
1,32,0,0,1,1,1,32,0,0,7,0,0,32,1,0,1,1,0,64,1,0,7,2,0,64,1,0,8,1,0,64,0,0,5,0,16,0,0,4,0,0.981320399857,0.6559
1,32,0,0,1,1,1,32,0,0,7,0,0,32,1,0,1,1,0,64,1,0,7,2,0,64,0,0,8,1,0,64,0,0,5,0,512,0,0,0,2,1.05602590122,0.6332
1,32,0,0,1,1,1,32,0,0,7,0,0,32,1,0,1,1,0,64,1,0,7,2,0,64,0,0,8,1,0,64,0,0,5,0,16,0,0,4,0,0.923229993534,0.6837
1,16,0,0,1,1,1,8,0,0,2,0,0,32,1,0,1,1,0,64,1,0,7,2,0,64,0,0,8,1,0,64,0,0,5,1,512,0,0,3,0,0.991152677536,0.6513
1,32,0,0,1,1,1,8,0,0,0,0,0,32,1,0,10,2,0,32,1,0,7,2,0,64,1,0,8,1,0,64,0,0,5,1,512,0,0,0,2,1.02026528664,0.6446
1,32,0,0,1,2,1,32,1,0,7,0,0,32,1,0,1,1,0,64,1,0,7,2,0,64,1,0,8,1,0,64,0,0,5,1,512,0,0,4,0,1.51921029682,0.5372
1,32,0,0,1,1,1,32,0,0,7,0,0,32,1,0,1,1,0,64,1,0,7,2,1,64,1,0,8,1,0,64,0,0,5,1,16,0,0,0,2,2.30258535309,0.1
1,32,0,0,1,1,1,8,0,0,2,0,0,32,1,0,1,1,0,64,1,0,7,2,0,64,0,0,8,1,0,64,0,0,5,1,512,0,0,3,0,1.0159202486,0.6463
1,32,0,0,1,0,1,8,0,0,2,0,0,32,1,0,1,1,0,64,1,0,7,2,0,64,0,0,8,1,0,64,0,0,5,1,512,0,0,3,0,1.10378448982,0.6316
1,32,0,0,1,1,1,16,0,0,9,0,0,32,1,0,1,1,0,64,1,0,7,2,0,64,0,0,8,1,0,64,0,0,5,1,512,0,0,0,2,0.952856487274,0.6683
1,8,0,0,1,1,1,32,0,0,7,0,0,32,1,0,1,1,0,64,1,0,7,2,0,64,0,0,8,1,0,64,0,0,5,1,512,0,0,0,0,0.995687317944,0.6588
1,32,0,0,1,1,1,8,0,0,0,0,0,32,1,0,1,1,1,64,0,0,10,1,0,64,0,0,8,1,0,64,0,0,5,1,512,0,0,4,3,0.957227024364,0.6844
1,32,0,0,1,1,1,32,0,0,7,0,0,32,1,0,1,1,0,64,1,0,7,2,0,64,0,0,8,1,0,64,0,0,5,0,16,0,0,4,0,0.931808005524,0.676
1,32,0,0,4,1,1,16,0,0,2,0,0,32,1,0,1,1,0,64,1,0,7,2,0,64,0,0,8,1,0,64,0,0,5,1,512,0,0,0,2,0.995252531338,0.6536
1,32,0,0,4,1,1,16,0,0,2,0,0,32,1,0,1,1,0,64,1,0,7,2,0,64,0,0,8,1,0,64,0,0,5,0,16,0,0,4,0,0.985319925594,0.6569
1,32,0,0,1,1,1,32,0,0,7,0,0,32,1,0,1,1,0,64,1,0,7,2,0,64,0,0,8,1,0,64,0,0,5,1,512,0,0,0,2,0.899429613209,0.6875
1,32,0,0,1,1,1,32,0,0,7,0,0,32,1,0,1,1,0,64,0,0,7,2,0,64,1,0,8,1,0,64,0,0,5,1,512,0,0,4,0,0.874409848404,0.6963
1,32,0,0,1,1,1,8,0,0,9,0,0,32,1,0,1,1,0,64,1,0,7,2,0,64,1,0,8,1,0,64,0,0,5,1,512,0,0,4,0,1.08168098679,0.6184
1,32,0,0,5,1,0,32,0,0,7,0,0,32,1,0,1,1,0,64,1,0,7,2,0,64,0,0,8,1,0,64,0,0,5,0,16,0,0,4,0,1.0837561841,0.6245
1,32,0,0,4,1,1,16,0,0,2,0,0,32,1,0,1,1,0,64,1,0,7,2,0,64,0,0,8,1,0,64,0,0,5,1,512,0,0,3,0,0.945066269684,0.6852
1,32,0,0,1,1,1,8,0,0,0,1,0,32,1,0,10,2,0,32,1,0,7,2,0,64,1,0,8,1,0,64,0,0,5,1,512,0,0,4,0,1.00305802727,0.6581
1,32,0,0,1,1,1,8,0,0,9,0,0,32,1,0,1,1,0,64,1,0,7,2,0,64,0,0,8,1,0,64,0,0,5,1,512,0,0,0,2,1.09360939026,0.6147
1,32,0,0,1,1,1,32,0,0,7,0,0,32,1,0,1,1,0,64,1,0,7,2,0,64,0,0,8,1,0,64,0,0,5,0,16,0,0,3,0,0.971593278694,0.6628
1,32,0,0,1,1,1,32,0,0,7,0,0,32,1,0,1,1,0,64,1,0,7,2,0,64,0,0,8,1,0,64,0,0,5,0,16,0,0,3,0,0.909853851318,0.6833
1,32,0,0,1,1,1,8,0,0,2,0,0,32,1,0,1,1,0,64,1,0,7,2,0,64,0,0,8,1,0,64,0,0,5,1,512,0,0,3,0,0.98189998436,0.6532
1,32,0,0,4,1,1,16,0,0,2,0,0,32,1,0,1,1,0,64,1,0,7,2,0,64,0,0,8,1,0,64,0,0,5,1,512,0,0,3,0,0.908662936306,0.6906
1,32,0,0,1,1,1,8,0,0,0,0,0,32,1,0,1,1,1,64,0,0,10,1,0,64,0,0,8,1,0,64,0,0,5,1,512,0,0,4,3,0.95366120739,0.6868
1,32,0,0,1,1,1,8,0,0,0,0,0,32,1,0,1,1,1,64,0,0,10,1,0,64,0,0,8,1,0,64,0,0,5,1,512,0,0,10,0,0.934900020409,0.6892
1,16,0,0,1,1,1,8,0,0,6,0,0,32,1,0,1,1,0,64,1,0,7,2,0,64,0,0,8,1,0,64,0,0,5,1,512,0,0,3,0,0.999143876839,0.6542
1,32,0,0,1,1,1,64,0,0,9,0,0,32,1,0,1,1,0,64,1,0,7,2,0,64,0,0,8,1,0,64,0,0,5,1,512,0,0,0,2,0.867022738647,0.6952
1,8,0,0,1,1,1,32,0,0,2,0,0,32,1,0,1,1,0,64,1,0,7,2,0,64,0,0,8,1,0,64,0,0,5,1,512,0,0,3,0,0.982191128349,0.6703
1,32,0,0,4,1,1,8,0,0,7,0,0,32,1,0,1,1,0,64,1,0,7,2,0,64,0,0,8,1,0,64,0,0,5,0,512,0,0,0,2,1.28825143585,0.5538
1,8,0,0,1,1,1,32,0,0,7,0,0,32,1,0,1,1,0,64,1,0,7,2,0,64,0,0,8,1,0,64,0,0,5,1,512,0,0,3,2,1.03950943108,0.6352
1,32,0,0,1,1,1,32,0,0,7,0,0,32,1,0,1,1,0,64,1,0,7,2,0,64,0,0,8,1,0,64,0,0,5,1,512,0,0,3,0,0.867917070675,0.711
1,32,0,0,1,1,1,32,0,0,2,0,0,32,1,0,1,1,0,64,1,0,7,2,0,64,0,0,8,1,0,64,0,0,5,0,16,0,0,4,0,0.997788410568,0.6504
1,8,0,0,1,1,1,32,0,0,2,2,0,32,1,0,1,1,0,64,1,0,7,2,0,64,0,0,8,1,0,64,0,0,5,1,512,0,0,3,0,0.980555486107,0.6655
1,8,0,0,1,1,1,32,0,0,2,0,0,32,1,0,1,1,0,64,1,0,7,2,0,64,1,0,8,1,0,64,0,0,5,1,512,0,0,4,0,0.989320862103,0.6656
1,32,0,0,1,1,1,32,0,0,7,0,0,32,1,0,1,1,0,64,1,0,7,2,0,64,0,0,8,1,0,64,0,0,5,0,16,0,0,3,0,0.949382000065,0.6701
1,64,0,0,1,1,1,64,0,0,9,0,0,32,1,0,1,1,0,64,1,0,7,2,0,64,0,0,8,1,0,64,0,0,5,1,512,0,0,0,2,0.858917504406,0.7003
1,8,0,0,1,1,1,32,0,0,2,0,0,32,1,0,1,1,0,64,1,0,7,2,0,64,0,0,8,1,0,64,0,0,5,1,512,0,0,3,0,0.940574153042,0.674
1,32,0,0,1,1,1,32,0,0,7,0,0,32,1,0,1,1,0,64,1,0,7,2,0,64,0,0,8,1,0,64,0,0,5,0,16,0,0,3,0,0.954160857582,0.6708
1,32,0,0,5,1,0,32,0,0,7,0,0,32,1,0,1,1,0,64,1,0,7,2,0,64,0,0,8,1,0,64,0,0,5,0,16,0,0,3,0,1.07430252285,0.6298
1,32,0,0,1,1,1,32,0,0,7,0,0,32,1,0,1,1,0,64,1,0,7,2,0,64,0,0,8,1,0,64,0,0,5,1,512,0,0,0,2,0.973113228989,0.658
1,32,0,0,1,1,1,32,0,0,7,0,0,32,1,0,1,1,0,64,1,0,7,2,0,64,0,0,8,1,0,64,0,0,5,1,512,0,0,3,0,0.880799856472,0.7021
1,32,0,0,1,1,1,32,0,0,7,0,0,32,1,0,1,1,0,64,0,0,7,2,0,64,1,0,8,1,0,64,0,0,5,1,512,0,0,4,0,0.907266602421,0.6874
1,64,0,0,1,1,1,8,0,0,6,0,0,32,1,0,1,1,0,64,1,0,7,2,0,64,0,0,8,1,0,64,0,0,5,0,16,0,0,4,0,1.10761882992,0.6099
1,32,0,0,1,1,1,8,0,0,2,0,0,32,1,0,1,1,0,64,1,0,7,2,0,64,0,0,8,1,0,64,0,0,5,1,512,0,0,3,0,1.03201847382,0.6462
1,32,0,0,5,1,0,32,0,0,7,0,0,32,1,0,1,1,1,64,0,0,10,1,0,64,0,0,8,1,0,64,0,0,5,1,512,0,0,10,0,0.903529507446,0.7133
1,16,0,0,1,1,1,8,0,0,6,0,0,32,1,0,1,1,0,64,0,0,7,2,0,64,1,0,8,1,0,64,0,0,5,1,512,0,0,4,0,1.01544868021,0.6407
1,32,0,0,1,1,1,8,0,0,0,0,0,32,1,0,1,1,1,64,0,0,10,1,0,64,0,0,8,1,0,64,0,0,5,1,512,0,0,2,2,1.04533183918,0.6549
1,32,0,0,1,1,1,32,0,0,2,0,0,32,1,0,1,1,0,64,1,0,7,2,0,64,0,0,8,1,0,64,0,0,5,1,512,0,0,3,0,0.926033846188,0.6991
1,32,0,0,1,1,1,64,0,0,0,0,0,32,1,0,1,1,1,64,0,0,10,1,0,64,0,0,8,1,0,64,0,0,5,1,512,0,0,10,0,0.843224372005,0.7277
1,32,1,0,1,1,1,8,0,0,0,0,0,32,1,0,1,1,1,64,0,0,10,1,0,64,0,0,8,1,0,64,0,0,5,0,16,0,0,3,0,1.05666924791,0.6341
1,32,0,0,4,1,1,16,0,0,5,0,0,32,1,0,1,1,0,64,1,0,7,2,0,64,0,0,8,1,0,64,0,0,5,0,16,0,0,4,0,1.00083447609,0.6489
1,32,0,0,1,1,0,32,0,0,7,0,0,32,1,0,1,1,1,64,0,0,10,1,0,64,0,0,8,1,0,64,0,0,5,1,512,0,0,10,0,0.884142250919,0.7088
1,32,0,0,1,1,1,32,0,0,7,0,0,32,1,0,1,1,0,64,1,0,7,2,0,64,0,0,8,1,0,64,0,0,5,1,512,0,0,0,0,0.871049120712,0.7118
1,32,0,0,1,1,1,32,0,0,2,0,0,32,1,0,1,1,0,64,1,0,7,2,0,64,1,0,8,1,0,64,0,0,5,1,512,0,0,4,0,1.03810069342,0.6579
1,32,0,0,1,1,1,32,0,0,2,0,0,32,1,0,1,1,0,64,1,0,7,2,0,64,0,0,8,1,0,64,0,0,5,1,512,0,0,3,0,0.957982247162,0.7015
1,32,0,0,1,1,1,64,0,0,0,0,0,32,1,0,1,1,1,64,0,0,10,1,0,64,0,0,8,1,0,64,0,0,5,1,512,0,0,2,2,0.821280736065,0.7304
1,32,0,0,1,1,1,32,0,0,7,0,0,32,1,0,1,1,0,64,1,0,7,2,0,64,0,0,8,1,0,64,0,0,5,1,512,0,0,0,2,0.885005144882,0.6918
1,8,0,0,1,1,1,32,0,0,2,1,0,32,1,0,1,1,0,64,1,0,7,2,0,64,0,0,8,1,0,64,0,0,5,1,512,0,0,3,0,0.904092182827,0.6814
1,32,0,0,1,1,1,32,0,0,2,0,0,32,1,0,1,1,0,64,0,0,7,2,0,64,1,0,8,1,0,64,0,0,5,1,512,0,0,4,0,0.91644530077,0.6996
1,32,0,0,1,1,1,8,0,0,2,0,0,32,1,0,1,1,0,64,1,0,7,2,0,64,0,0,8,1,0,64,0,0,5,1,512,0,0,10,0,1.04588381376,0.6341
1,32,0,0,1,1,1,64,0,0,0,0,0,32,1,0,1,1,0,64,1,0,7,2,0,64,0,0,8,1,0,64,0,0,5,0,16,0,0,3,0,0.909073616982,0.6923
1,32,0,0,5,1,0,32,0,0,7,0,0,32,1,0,1,1,0,64,1,0,7,2,0,64,0,0,8,1,0,64,0,0,5,0,16,0,0,3,0,1.08042131748,0.6318
1,64,0,0,1,1,1,32,0,0,7,0,0,32,1,0,1,1,0,64,1,0,7,2,0,64,0,0,8,1,0,64,0,0,5,0,16,0,0,3,0,0.928318761635,0.6749
1,8,0,0,1,1,1,32,0,0,2,2,0,32,1,0,1,1,0,64,1,0,7,2,0,64,0,0,8,1,0,64,0,0,5,1,512,0,0,3,0,0.99336168232,0.6614
1,32,0,0,1,1,1,32,0,0,7,0,0,32,1,0,1,1,0,64,1,0,7,2,0,64,0,0,8,1,0,64,0,0,5,1,512,0,0,4,0,0.867260289001,0.7019
1,32,0,0,1,1,1,64,0,0,7,0,0,32,1,0,1,1,0,64,1,0,7,2,0,64,0,0,8,1,0,64,0,0,5,0,16,0,0,3,0,0.925590840149,0.6837
1,32,0,0,1,1,1,32,0,0,7,0,0,32,1,0,1,1,0,64,0,0,7,2,0,64,1,0,8,1,0,64,0,0,5,1,512,0,0,4,0,0.85391356945,0.708
1,32,0,0,5,1,0,32,0,0,7,0,0,32,1,0,1,1,1,64,0,0,10,1,0,64,0,0,8,1,0,64,0,0,5,1,512,0,0,10,0,0.963278617001,0.7021
1,32,0,0,1,1,1,64,0,0,0,0,0,32,1,0,1,1,1,64,0,0,10,1,0,64,0,0,8,1,0,64,0,0,5,1,512,0,0,3,0,0.774441912842,0.7404
1,32,0,0,1,1,1,32,0,0,0,0,0,32,1,0,1,1,1,64,0,0,10,1,0,64,0,0,8,1,0,64,0,0,5,1,512,0,0,2,2,0.943654060936,0.7046
1,32,0,0,1,1,1,32,0,0,2,0,0,32,1,0,1,1,0,64,1,0,7,2,0,64,0,0,8,1,0,64,0,0,5,0,16,0,0,4,0,0.949722214985,0.6735
